id,orderid,productid,unitprice,quantity,discount
1,10285,1,14.40,45,0.2
2,10294,1,14.40,18,0
3,10317,1,14.40,20,0
4,10348,1,14.40,15,0.15
5,10354,1,14.40,12,0
6,10370,1,14.40,15,0.15
7,10406,1,14.40,10,0
8,10413,1,14.40,24,0
9,10477,1,14.40,15,0
10,10522,1,18.00,40,0.2
11,10526,1,18.00,8,0.15
12,10576,1,18.00,10,0
13,10590,1,18.00,20,0
14,10609,1,18.00,3,0
15,10611,1,18.00,6,0
16,10628,1,18.00,25,0
17,10646,1,18.00,15,0.25
18,10689,1,18.00,35,0.25
19,10691,1,18.00,30,0
20,10700,1,18.00,5,0.2
21,10729,1,18.00,50,0
22,10752,1,18.00,8,0
23,10838,1,18.00,4,0.25
24,10847,1,18.00,80,0.2
25,10863,1,18.00,20,0.15
26,10869,1,18.00,40,0
27,10905,1,18.00,20,0.05
28,10911,1,18.00,10,0
29,10918,1,18.00,60,0.25
30,10935,1,18.00,21,0
31,11003,1,18.00,4,0
32,11005,1,18.00,2,0
33,11006,1,18.00,8,0
34,11025,1,18.00,10,0.1
35,11031,1,18.00,45,0
36,11035,1,18.00,10,0
37,11047,1,18.00,25,0.25
38,11070,1,18.00,40,0.15
39,10255,2,15.20,20,0
40,10258,2,15.20,50,0.2
41,10264,2,15.20,35,0
42,10298,2,15.20,40,0
43,10327,2,15.20,25,0.2
44,10335,2,15.20,7,0.2
45,10342,2,15.20,24,0.2
46,10393,2,15.20,25,0.25
47,10418,2,15.20,60,0
48,10435,2,15.20,10,0
49,10440,2,15.20,45,0.15
50,10469,2,15.20,40,0.15
51,10485,2,15.20,20,0.1
52,10504,2,19.00,12,0
53,10611,2,19.00,10,0
54,10622,2,19.00,20,0
55,10632,2,19.00,30,0.05
56,10641,2,19.00,50,0
57,10703,2,19.00,5,0
58,10714,2,19.00,30,0.25
59,10722,2,19.00,3,0
60,10741,2,19.00,15,0.2
61,10766,2,19.00,40,0
62,10787,2,19.00,15,0.05
63,10792,2,19.00,10,0
64,10806,2,19.00,20,0.25
65,10813,2,19.00,12,0.2
66,10829,2,19.00,10,0
67,10851,2,19.00,5,0.05
68,10852,2,19.00,15,0
69,10856,2,19.00,20,0
70,10866,2,19.00,21,0.25
71,10885,2,19.00,20,0
72,10888,2,19.00,20,0
73,10939,2,19.00,10,0.15
74,10991,2,19.00,50,0.2
75,11021,2,19.00,11,0.25
76,11030,2,19.00,100,0.25
77,11041,2,19.00,30,0.2
78,11049,2,19.00,10,0.2
79,11070,2,19.00,20,0.15
80,11072,2,19.00,8,0
81,11075,2,19.00,10,0.15
82,11077,2,19.00,24,0.2
83,10289,3,8.00,30,0
84,10405,3,8.00,50,0
85,10485,3,8.00,20,0.1
86,10540,3,10.00,60,0
87,10591,3,10.00,14,0
88,10702,3,10.00,6,0
89,10742,3,10.00,20,0
90,10764,3,10.00,20,0.1
91,10849,3,10.00,49,0
92,10857,3,10.00,30,0
93,11017,3,10.00,25,0
94,11077,3,10.00,4,0
95,10309,4,17.60,20,0
96,10326,4,17.60,24,0
97,10336,4,17.60,18,0.1
98,10339,4,17.60,10,0
99,10344,4,17.60,35,0
100,10464,4,17.60,16,0.2
101,10511,4,22.00,50,0.15
102,10527,4,22.00,50,0.1
103,10533,4,22.00,50,0.05
104,10606,4,22.00,20,0.2
105,10635,4,22.00,10,0.1
106,10636,4,22.00,25,0
107,10654,4,22.00,12,0.1
108,10704,4,22.00,6,0
109,10726,4,22.00,25,0
110,10846,4,22.00,21,0
111,10913,4,22.00,30,0.25
112,10950,4,22.00,5,0
113,11000,4,22.00,25,0.25
114,11077,4,22.00,1,0
115,10258,5,17.00,65,0.2
116,10262,5,17.00,12,0.2
117,10290,5,17.00,20,0
118,10382,5,17.00,32,0
119,10635,5,21.35,15,0.1
120,10708,5,21.35,4,0
121,10848,5,21.35,30,0
122,10958,5,21.35,20,0
123,11030,5,21.35,70,0
124,11047,5,21.35,30,0.25
125,10309,6,20.00,30,0
126,10325,6,20.00,6,0
127,10618,6,25.00,70,0
128,10734,6,25.00,30,0
129,10830,6,25.00,6,0
130,10871,6,25.00,50,0.05
131,10934,6,25.00,20,0
132,10949,6,25.00,12,0
133,10952,6,25.00,16,0.05
134,10989,6,25.00,40,0
135,11076,6,25.00,20,0.25
136,11077,6,25.00,1,0.02
137,10262,7,24.00,15,0
138,10385,7,24.00,10,0.2
139,10459,7,24.00,16,0.05
140,10471,7,24.00,30,0
141,10511,7,30.00,50,0.15
142,10546,7,30.00,10,0
143,10591,7,30.00,10,0
144,10607,7,30.00,45,0
145,10634,7,30.00,35,0
146,10694,7,30.00,90,0
147,10766,7,30.00,35,0
148,10790,7,30.00,3,0.15
149,10833,7,30.00,20,0.1
150,10858,7,30.00,5,0
151,10908,7,30.00,20,0.05
152,10909,7,30.00,12,0
153,10940,7,30.00,8,0
154,10958,7,30.00,6,0
155,10962,7,30.00,45,0
156,10979,7,30.00,18,0
157,10982,7,30.00,20,0
158,10987,7,30.00,60,0
159,10988,7,30.00,60,0
160,11001,7,30.00,60,0
161,11010,7,30.00,20,0
162,11023,7,30.00,4,0
163,11056,7,30.00,40,0
164,11071,7,30.00,15,0.05
165,11077,7,30.00,1,0.05
166,10344,8,32.00,70,0.25
167,10345,8,32.00,70,0
168,10511,8,40.00,10,0.15
169,10522,8,40.00,24,0
170,10695,8,40.00,10,0
171,10709,8,40.00,40,0
172,10786,8,40.00,30,0.2
173,10829,8,40.00,20,0
174,10893,8,40.00,30,0
175,10975,8,40.00,16,0
176,10978,8,40.00,20,0.15
177,11007,8,40.00,30,0
178,11077,8,40.00,2,0.1
179,10420,9,77.60,20,0.1
180,10515,9,97.00,16,0.15
181,10687,9,97.00,50,0.25
182,10693,9,97.00,6,0
183,10848,9,97.00,3,0
184,10273,10,24.80,24,0.05
185,10276,10,24.80,15,0
186,10357,10,24.80,30,0.2
187,10389,10,24.80,16,0
188,10449,10,24.80,14,0
189,10450,10,24.80,20,0.2
190,10478,10,24.80,20,0.05
191,10519,10,31.00,16,0.05
192,10524,10,31.00,2,0
193,10568,10,31.00,5,0
194,10609,10,31.00,10,0
195,10612,10,31.00,70,0
196,10646,10,31.00,18,0.25
197,10664,10,31.00,24,0.15
198,10676,10,31.00,2,0
199,10685,10,31.00,20,0
200,10688,10,31.00,18,0.1
201,10713,10,31.00,18,0
202,10715,10,31.00,21,0
203,10724,10,31.00,16,0
204,10775,10,31.00,6,0
205,10785,10,31.00,10,0
206,10804,10,31.00,36,0
207,10827,10,31.00,15,0
208,10841,10,31.00,16,0
209,10854,10,31.00,100,0.15
210,10874,10,31.00,10,0
211,10886,10,31.00,70,0
212,10924,10,31.00,20,0.1
213,10946,10,31.00,25,0
214,10949,10,31.00,30,0
215,11020,10,31.00,24,0.15
216,11077,10,31.00,1,0
217,10248,11,14.00,12,0
218,10296,11,16.80,12,0
219,10327,11,16.80,50,0.2
220,10353,11,16.80,12,0.2
221,10365,11,16.80,24,0
222,10407,11,16.80,30,0
223,10434,11,16.80,6,0
224,10442,11,16.80,30,0
225,10443,11,16.80,6,0.2
226,10466,11,16.80,10,0
227,10486,11,16.80,5,0
228,10489,11,16.80,15,0.25
229,10528,11,21.00,3,0
230,10535,11,21.00,50,0.1
231,10542,11,21.00,15,0.05
232,10545,11,21.00,10,0
233,10553,11,21.00,15,0
234,10566,11,21.00,35,0.15
235,10570,11,21.00,15,0.05
236,10614,11,21.00,14,0
237,10637,11,21.00,10,0
238,10698,11,21.00,15,0
239,10726,11,21.00,5,0
240,10770,11,21.00,15,0.25
241,10797,11,21.00,20,0
242,10800,11,21.00,50,0.1
243,10823,11,21.00,20,0.1
244,10842,11,21.00,15,0
245,10862,11,21.00,25,0
246,10869,11,21.00,10,0
247,10889,11,21.00,40,0
248,10912,11,21.00,40,0.25
249,10926,11,21.00,2,0
250,10944,11,21.00,5,0.25
251,10986,11,21.00,30,0
252,10989,11,21.00,15,0
253,11043,11,21.00,10,0
254,11073,11,21.00,10,0
255,10266,12,30.40,12,0.05
256,10439,12,30.40,15,0
257,10536,12,38.00,15,0.25
258,10543,12,38.00,30,0.15
259,10633,12,38.00,36,0.15
260,10678,12,38.00,100,0
261,10695,12,38.00,4,0
262,10718,12,38.00,36,0
263,10968,12,38.00,30,0
264,10979,12,38.00,20,0
265,11018,12,38.00,20,0
266,11046,12,38.00,20,0.05
267,11049,12,38.00,4,0.2
268,11077,12,38.00,2,0.05
269,10276,13,4.80,10,0
270,10291,13,4.80,20,0.1
271,10325,13,4.80,12,0
272,10383,13,4.80,20,0
273,10391,13,4.80,18,0
274,10394,13,4.80,10,0
275,10420,13,4.80,2,0.1
276,10462,13,4.80,1,0
277,10508,13,6.00,10,0
278,10526,13,6.00,10,0
279,10539,13,6.00,8,0
280,10601,13,6.00,60,0
281,10613,13,6.00,8,0.1
282,10633,13,6.00,13,0.15
283,10737,13,6.00,4,0
284,10746,13,6.00,6,0
285,10799,13,6.00,20,0.15
286,10810,13,6.00,7,0
287,10829,13,6.00,10,0
288,10832,13,6.00,3,0.2
289,10837,13,6.00,6,0
290,10854,13,6.00,65,0.15
291,10894,13,6.00,28,0.05
292,10898,13,6.00,5,0
293,10903,13,6.00,40,0
294,10926,13,6.00,10,0
295,10931,13,6.00,42,0.15
296,10938,13,6.00,20,0.25
297,10940,13,6.00,20,0
298,10943,13,6.00,15,0
299,10945,13,6.00,20,0
300,10962,13,6.00,77,0
301,10983,13,6.00,84,0.15
302,11002,13,6.00,56,0
303,11025,13,6.00,20,0.1
304,11031,13,6.00,80,0
305,11036,13,6.00,7,0
306,11059,13,6.00,30,0
307,11071,13,6.00,10,0.05
308,11077,13,6.00,4,0
309,10249,14,18.60,9,0
310,10325,14,18.60,9,0
311,10333,14,18.60,10,0
312,10375,14,18.60,15,0
313,10393,14,18.60,42,0.25
314,10409,14,18.60,12,0
315,10412,14,18.60,20,0.1
316,10427,14,18.60,35,0
317,10474,14,18.60,12,0
318,10503,14,23.25,70,0
319,10555,14,23.25,30,0.2
320,10571,14,23.25,11,0.15
321,10580,14,23.25,15,0.05
322,10623,14,23.25,21,0
323,10625,14,23.25,3,0
324,10656,14,23.25,3,0.1
325,10675,14,23.25,30,0
326,10733,14,23.25,16,0
327,10750,14,23.25,5,0.15
328,10794,14,23.25,15,0.2
329,11076,14,23.25,20,0.25
330,11077,14,23.25,1,0.03
331,10283,15,12.40,20,0
332,10323,15,12.40,5,0
333,10500,15,15.50,12,0.05
334,10579,15,15.50,10,0
335,10592,15,15.50,25,0.05
336,10657,15,15.50,50,0
337,10255,16,13.90,35,0
338,10263,16,13.90,60,0.25
339,10287,16,13.90,40,0.15
340,10296,16,13.90,30,0
341,10310,16,13.90,10,0
342,10324,16,13.90,21,0.15
343,10359,16,13.90,56,0.05
344,10403,16,13.90,21,0.15
345,10439,16,13.90,16,0
346,10440,16,13.90,49,0.15
347,10454,16,13.90,20,0.2
348,10469,16,13.90,35,0.15
349,10489,16,13.90,18,0
350,10515,16,17.45,50,0
351,10551,16,17.45,40,0.15
352,10553,16,17.45,14,0
353,10554,16,17.45,30,0.05
354,10572,16,17.45,12,0.1
355,10605,16,17.45,30,0.05
356,10653,16,17.45,30,0.1
357,10671,16,17.45,10,0
358,10673,16,17.45,3,0
359,10680,16,17.45,50,0.25
360,10706,16,17.45,20,0
361,10718,16,17.45,20,0
362,10730,16,17.45,15,0.05
363,10738,16,17.45,3,0
364,10779,16,17.45,20,0
365,10795,16,17.45,65,0
366,10855,16,17.45,50,0
367,10871,16,17.45,12,0.05
368,10877,16,17.45,30,0.25
369,10909,16,17.45,15,0
370,10916,16,17.45,6,0
371,10919,16,17.45,24,0
372,10932,16,17.45,30,0.1
373,10954,16,17.45,28,0.15
374,10984,16,17.45,55,0
375,10985,16,17.45,36,0.1
376,11066,16,17.45,3,0
377,11070,16,17.45,30,0.15
378,11074,16,17.45,14,0.05
379,11077,16,17.45,2,0.03
380,10265,17,31.20,30,0
381,10279,17,31.20,15,0.25
382,10294,17,31.20,15,0
383,10302,17,31.20,40,0
384,10319,17,31.20,8,0
385,10338,17,31.20,20,0
386,10339,17,31.20,70,0.05
387,10346,17,31.20,36,0.1
388,10415,17,31.20,2,0
389,10430,17,31.20,45,0.2
390,10431,17,31.20,50,0.25
391,10444,17,31.20,10,0
392,10523,17,39.00,25,0.1
393,10530,17,39.00,40,0
394,10550,17,39.00,8,0.1
395,10564,17,39.00,16,0.05
396,10573,17,39.00,18,0
397,10607,17,39.00,100,0
398,10686,17,39.00,30,0.2
399,10696,17,39.00,20,0
400,10698,17,39.00,8,0.05
401,10714,17,39.00,27,0.25
402,10727,17,39.00,20,0.05
403,10773,17,39.00,33,0
404,10795,17,39.00,35,0.25
405,10801,17,39.00,40,0.25
406,10852,17,39.00,6,0
407,10861,17,39.00,42,0
408,10871,17,39.00,16,0.05
409,10890,17,39.00,15,0
410,10911,17,39.00,12,0
411,10915,17,39.00,10,0
412,10922,17,39.00,15,0
413,10949,17,39.00,6,0
414,10972,17,39.00,6,0
415,11059,17,39.00,12,0
416,11064,17,39.00,77,0.1
417,10293,18,50.00,12,0
418,10305,18,50.00,25,0.1
419,10332,18,50.00,40,0.2
420,10340,18,50.00,20,0.05
421,10382,18,50.00,9,0
422,10470,18,50.00,30,0
423,10516,18,62.50,25,0.1
424,10566,18,62.50,18,0.15
425,10588,18,62.50,40,0.2
426,10634,18,62.50,50,0
427,10639,18,62.50,8,0
428,10644,18,62.50,4,0.1
429,10645,18,62.50,20,0
430,10719,18,62.50,12,0.25
431,10745,18,62.50,24,0
432,10756,18,62.50,21,0.2
433,10789,18,62.50,30,0
434,10838,18,62.50,25,0.25
435,10853,18,62.50,10,0
436,10861,18,62.50,20,0
437,10877,18,62.50,25,0
438,10935,18,62.50,4,0.25
439,10964,18,62.50,6,0
440,10985,18,62.50,8,0.1
441,11018,18,62.50,10,0
442,11026,18,62.50,8,0
443,11053,18,62.50,35,0.2
444,10281,19,7.30,1,0
445,10283,19,7.30,18,0
446,10299,19,7.30,15,0
447,10329,19,7.30,10,0.05
448,10345,19,7.30,80,0
449,10414,19,7.30,18,0.05
450,10416,19,7.30,20,0
451,10421,19,7.30,4,0.15
452,10438,19,7.30,15,0.2
453,10446,19,7.30,12,0.1
454,10447,19,7.30,40,0
455,10463,19,7.30,21,0
456,10487,19,7.30,5,0
457,10550,19,9.20,10,0
458,10555,19,9.20,35,0.2
459,10621,19,9.20,5,0
460,10623,19,9.20,15,0.1
461,10647,19,9.20,30,0
462,10651,19,9.20,12,0.25
463,10676,19,9.20,7,0
464,10681,19,9.20,30,0.1
465,10697,19,9.20,7,0.25
466,10710,19,9.20,5,0
467,10711,19,9.20,12,0
468,10788,19,9.20,50,0.05
469,10803,19,9.20,24,0.05
470,10811,19,9.20,15,0
471,10831,19,9.20,2,0
472,10847,19,9.20,12,0.2
473,10875,19,9.20,25,0
474,10910,19,9.20,12,0
475,10926,19,9.20,7,0
476,10967,19,9.20,12,0
477,11012,19,9.20,50,0.05
478,11022,19,9.20,35,0
479,11066,19,9.20,42,0
480,11076,19,9.20,10,0.25
481,10252,20,64.80,40,0.05
482,10272,20,64.80,6,0
483,10292,20,64.80,20,0
484,10372,20,64.80,12,0.25
485,10384,20,64.80,28,0
486,10514,20,81.00,39,0
487,10523,20,81.00,15,0.1
488,10593,20,81.00,21,0.2
489,10660,20,81.00,21,0
490,10828,20,81.00,5,0
491,10878,20,81.00,20,0.05
492,10927,20,81.00,5,0
493,10953,20,81.00,50,0.05
494,10986,20,81.00,15,0
495,11021,20,81.00,15,0
496,11077,20,81.00,1,0.04
497,10259,21,8.00,10,0
498,10261,21,8.00,20,0
499,10333,21,8.00,10,0.1
500,10368,21,8.00,5,0.1
501,10397,21,8.00,10,0.15
502,10406,21,8.00,30,0.1
503,10409,21,8.00,12,0
504,10430,21,8.00,50,0
505,10456,21,8.00,40,0.15
506,10461,21,8.00,40,0.25
507,10477,21,8.00,21,0.25
508,10484,21,8.00,14,0
509,10504,21,10.00,12,0
510,10513,21,10.00,40,0.2
511,10539,21,10.00,15,0
512,10550,21,10.00,6,0.1
513,10609,21,10.00,6,0
514,10614,21,10.00,8,0
515,10619,21,10.00,42,0
516,10623,21,10.00,25,0.1
517,10642,21,10.00,30,0.2
518,10658,21,10.00,60,0
519,10681,21,10.00,12,0.1
520,10716,21,10.00,5,0
521,10717,21,10.00,32,0.05
522,10729,21,10.00,30,0
523,10731,21,10.00,40,0.05
524,10763,21,10.00,40,0
525,10861,21,10.00,40,0
526,10873,21,10.00,20,0
527,10884,21,10.00,40,0.05
528,10929,21,10.00,60,0
529,10930,21,10.00,36,0
530,10956,21,10.00,12,0
531,10978,21,10.00,40,0.15
532,10990,21,10.00,65,0
533,11034,21,10.00,15,0.1
534,11040,21,10.00,20,0
535,11058,21,10.00,3,0
536,10251,22,16.80,6,0.05
537,10435,22,16.80,12,0
538,10553,22,21.00,24,0
539,10603,22,21.00,48,0
540,10619,22,21.00,40,0
541,10635,22,21.00,40,0
542,10648,22,21.00,15,0
543,10651,22,21.00,20,0.25
544,10763,22,21.00,6,0
545,10768,22,21.00,4,0
546,10836,22,21.00,52,0
547,10844,22,21.00,35,0
548,10943,22,21.00,21,0
549,11001,22,21.00,25,0
550,10337,23,7.20,40,0
551,10348,23,7.20,25,0
552,10396,23,7.20,40,0
553,10402,23,7.20,60,0
554,10462,23,7.20,21,0
555,10470,23,7.20,15,0
556,10495,23,7.20,10,0
557,10543,23,9.00,70,0.15
558,10554,23,9.00,20,0.05
559,10621,23,9.00,10,0
560,10670,23,9.00,32,0
561,10674,23,9.00,5,0
562,10748,23,9.00,44,0
563,10811,23,9.00,18,0
564,10845,23,9.00,70,0.1
565,10869,23,9.00,50,0
566,10880,23,9.00,30,0.2
567,10935,23,9.00,8,0.25
568,11013,23,9.00,10,0
569,11077,23,9.00,2,0
570,10254,24,3.60,15,0.15
571,10263,24,3.60,28,0
572,10275,24,3.60,12,0.05
573,10280,24,3.60,12,0
574,10281,24,3.60,6,0
575,10293,24,3.60,10,0
576,10352,24,3.60,10,0
577,10355,24,3.60,25,0
578,10358,24,3.60,10,0.05
579,10386,24,3.60,15,0
580,10387,24,3.60,15,0
581,10446,24,3.60,20,0.1
582,10465,24,3.60,25,0
583,10467,24,3.60,28,0
584,10472,24,3.60,80,0.05
585,10498,24,4.50,14,0
586,10512,24,4.50,10,0.15
587,10518,24,4.50,5,0
588,10520,24,4.50,8,0
589,10541,24,4.50,35,0.1
590,10555,24,4.50,18,0.2
591,10565,24,4.50,25,0.1
592,10597,24,4.50,35,0.2
593,10620,24,4.50,5,0
594,10623,24,4.50,3,0
595,10648,24,4.50,15,0.15
596,10695,24,4.50,20,0
597,10704,24,4.50,35,0
598,10763,24,4.50,20,0
599,10799,24,4.50,20,0.15
600,10859,24,4.50,40,0.25
601,10866,24,4.50,6,0.25
602,10883,24,4.50,8,0
603,10885,24,4.50,12,0
604,10893,24,4.50,10,0
605,10895,24,4.50,110,0
606,10922,24,4.50,35,0
607,10946,24,4.50,25,0
608,10960,24,4.50,10,0.25
609,10968,24,4.50,30,0
610,10979,24,4.50,80,0
611,10984,24,4.50,20,0
612,10998,24,4.50,12,0
613,11000,24,4.50,30,0.25
614,11009,24,4.50,12,0
615,11010,24,4.50,10,0
616,11027,24,4.50,30,0.25
617,11031,24,4.50,21,0
618,11051,24,4.50,10,0.2
619,11055,24,4.50,15,0
620,11073,24,4.50,20,0
621,10323,25,11.20,4,0
622,10347,25,11.20,10,0
623,10362,25,11.20,50,0
624,10393,25,11.20,7,0.25
625,10467,25,11.20,12,0
626,10492,25,11.20,60,0.05
627,10506,25,14.00,18,0.1
628,10760,25,14.00,12,0.25
629,10761,25,14.00,35,0.25
630,10803,25,14.00,15,0.05
631,10810,25,14.00,5,0
632,10832,25,14.00,10,0.2
633,10840,25,14.00,6,0.2
634,10850,25,14.00,20,0.15
635,10851,25,14.00,10,0.05
636,10887,25,14.00,5,0
637,10919,25,14.00,24,0
638,11055,25,14.00,15,0
639,10330,26,24.90,50,0.15
640,10337,26,24.90,24,0
641,10357,26,24.90,16,0
642,10393,26,24.90,70,0.25
643,10404,26,24.90,30,0.05
644,10421,26,24.90,30,0
645,10422,26,24.90,2,0
646,10432,26,24.90,10,0
647,10444,26,24.90,15,0
648,10448,26,24.90,6,0
649,10458,26,24.90,30,0
650,10487,26,24.90,30,0
651,10540,26,31.23,40,0
652,10587,26,31.23,6,0
653,10592,26,31.23,5,0.05
654,10633,26,31.23,35,0.15
655,10677,26,31.23,30,0.15
656,10686,26,31.23,15,0
657,10713,26,31.23,30,0
658,10723,26,31.23,15,0
659,10751,26,31.23,12,0.1
660,10758,26,31.23,20,0
661,10796,26,31.23,21,0.2
662,10817,26,31.23,40,0.15
663,10825,26,31.23,12,0
664,10849,26,31.23,18,0.15
665,10857,26,31.23,35,0.25
666,10868,26,31.23,20,0
667,10973,26,31.23,5,0
668,11004,26,31.23,6,0
669,11021,26,31.23,63,0
670,11024,26,31.23,12,0
671,10257,27,35.10,25,0
672,10284,27,35.10,15,0.25
673,10441,27,35.10,50,0
674,10515,27,43.90,120,0
675,10598,27,43.90,50,0
676,10760,27,43.90,40,0
677,10858,27,43.90,10,0
678,10930,27,43.90,25,0
679,10979,27,43.90,30,0
680,10277,28,36.40,20,0
681,10302,28,36.40,28,0
682,10312,28,36.40,4,0
683,10319,28,36.40,14,0
684,10360,28,36.40,30,0
685,10368,28,36.40,13,0.1
686,10377,28,36.40,20,0.15
687,10387,28,36.40,6,0
688,10406,28,36.40,42,0.1
689,10443,28,36.40,12,0
690,10452,28,36.40,15,0
691,10458,28,36.40,30,0
692,10474,28,36.40,18,0
693,10499,28,45.60,20,0
694,10500,28,45.60,8,0.05
695,10509,28,45.60,3,0
696,10514,28,45.60,35,0
697,10544,28,45.60,7,0
698,10624,28,45.60,10,0
699,10643,28,45.60,15,0.25
700,10649,28,45.60,20,0
701,10688,28,45.60,60,0.1
702,10733,28,45.60,20,0
703,10740,28,45.60,5,0.2
704,10804,28,45.60,24,0
705,10873,28,45.60,3,0
706,10924,28,45.60,30,0.1
707,10937,28,45.60,8,0
708,10952,28,45.60,2,0
709,10976,28,45.60,20,0
710,11008,28,45.60,70,0.05
711,11039,28,45.60,20,0
712,11068,28,45.60,8,0.15
713,10268,29,99.00,10,0
714,10290,29,99.00,15,0
715,10305,29,99.00,25,0.1
716,10354,29,99.00,4,0
717,10360,29,99.00,35,0
718,10369,29,99.00,20,0
719,10382,29,99.00,14,0
720,10400,29,99.00,21,0
721,10440,29,99.00,24,0.15
722,10465,29,99.00,18,0.1
723,10510,29,123.79,36,0
724,10583,29,123.79,10,0
725,10624,29,123.79,6,0
726,10629,29,123.79,20,0
727,10666,29,123.79,36,0
728,10687,29,123.79,10,0
729,10691,29,123.79,40,0
730,10698,29,123.79,12,0.05
731,10772,29,123.79,18,0
732,10787,29,123.79,20,0.05
733,10791,29,123.79,14,0.05
734,10801,29,123.79,20,0.25
735,10834,29,123.79,8,0.05
736,10857,29,123.79,10,0.25
737,10893,29,123.79,24,0
738,10897,29,123.79,80,0
739,10912,29,123.79,60,0.25
740,10971,29,123.79,14,0
741,10993,29,123.79,50,0.25
742,11006,29,123.79,2,0.25
743,11007,29,123.79,10,0
744,11030,29,123.79,60,0.25
745,10263,30,20.70,60,0.25
746,10282,30,20.70,6,0
747,10306,30,20.70,10,0
748,10327,30,20.70,35,0.2
749,10329,30,20.70,8,0.05
750,10338,30,20.70,15,0
751,10380,30,20.70,18,0.1
752,10401,30,20.70,18,0
753,10461,30,20.70,28,0.25
754,10468,30,20.70,8,0
755,10522,30,25.89,20,0.2
756,10524,30,25.89,10,0
757,10532,30,25.89,15,0
758,10534,30,25.89,10,0
759,10560,30,25.89,20,0
760,10650,30,25.89,30,0
761,10652,30,25.89,2,0.25
762,10719,30,25.89,3,0.25
763,10728,30,25.89,15,0
764,10734,30,25.89,15,0
765,10751,30,25.89,30,0
766,10786,30,25.89,15,0.2
767,10802,30,25.89,25,0.25
768,10834,30,25.89,20,0.05
769,10866,30,25.89,40,0.25
770,10891,30,25.89,15,0.05
771,10893,30,25.89,35,0
772,10897,30,25.89,36,0
773,10917,30,25.89,1,0
774,10957,30,25.89,30,0
775,11015,30,25.89,15,0
776,11065,30,25.89,4,0.25
777,10253,31,10.00,20,0
778,10272,31,10.00,40,0
779,10273,31,10.00,15,0.05
780,10325,31,10.00,4,0
781,10335,31,10.00,25,0.2
782,10342,31,10.00,56,0.2
783,10356,31,10.00,30,0
784,10359,31,10.00,70,0.05
785,10363,31,10.00,20,0
786,10374,31,10.00,30,0
787,10376,31,10.00,42,0.05
788,10390,31,10.00,60,0.1
789,10393,31,10.00,32,0
790,10423,31,10.00,14,0
791,10446,31,10.00,3,0.1
792,10475,31,10.00,35,0.15
793,10496,31,10.00,20,0.05
794,10536,31,12.50,20,0
795,10537,31,12.50,30,0
796,10549,31,12.50,55,0.15
797,10553,31,12.50,30,0
798,10564,31,12.50,6,0.05
799,10567,31,12.50,60,0.2
800,10569,31,12.50,35,0.2
801,10576,31,12.50,20,0
802,10584,31,12.50,50,0.05
803,10659,31,12.50,20,0.05
804,10668,31,12.50,8,0.1
805,10680,31,12.50,20,0.25
806,10705,31,12.50,20,0
807,10722,31,12.50,50,0
808,10730,31,12.50,3,0.05
809,10747,31,12.50,8,0
810,10768,31,12.50,50,0
811,10773,31,12.50,70,0.2
812,10774,31,12.50,2,0.25
813,10776,31,12.50,16,0.05
814,10782,31,12.50,1,0
815,10783,31,12.50,10,0
816,10812,31,12.50,16,0.1
817,10826,31,12.50,35,0
818,10833,31,12.50,9,0.1
819,10855,31,12.50,14,0
820,10886,31,12.50,35,0
821,10941,31,12.50,44,0.25
822,10945,31,12.50,10,0
823,10953,31,12.50,50,0.05
824,10954,31,12.50,25,0.15
825,10979,31,12.50,24,0
826,11016,31,12.50,15,0
827,11070,31,12.50,20,0
828,10258,32,25.60,6,0.2
829,10314,32,25.60,40,0.1
830,10335,32,25.60,6,0.2
831,10513,32,32.00,50,0.2
832,10547,32,32.00,24,0.15
833,10572,32,32.00,10,0.1
834,10705,32,32.00,4,0
835,10759,32,32.00,10,0
836,10818,32,32.00,20,0
837,10916,32,32.00,6,0
838,10985,32,32.00,35,0.1
839,10997,32,32.00,50,0
840,11046,32,32.00,15,0.05
841,11053,32,32.00,20,0
842,11077,32,32.00,1,0
843,10252,33,2.00,25,0.05
844,10269,33,2.00,60,0.05
845,10271,33,2.00,24,0
846,10273,33,2.00,20,0
847,10341,33,2.00,8,0
848,10382,33,2.00,60,0
849,10410,33,2.00,49,0
850,10414,33,2.00,50,0
851,10415,33,2.00,20,0
852,10454,33,2.00,20,0.2
853,10473,33,2.00,12,0
854,10515,33,2.50,16,0.15
855,10528,33,2.50,8,0.2
856,10536,33,2.50,30,0
857,10539,33,2.50,15,0
858,10562,33,2.50,20,0.1
859,10574,33,2.50,14,0
860,10607,33,2.50,14,0
861,10632,33,2.50,20,0.05
862,10677,33,2.50,8,0.15
863,10678,33,2.50,30,0
864,10682,33,2.50,30,0
865,10815,33,2.50,16,0
866,10850,33,2.50,4,0.15
867,10861,33,2.50,35,0
868,10913,33,2.50,40,0.25
869,10915,33,2.50,30,0
870,10951,33,2.50,15,0.05
871,10972,33,2.50,7,0
872,11024,33,2.50,30,0
873,11045,33,2.50,15,0
874,11054,33,2.50,10,0
875,10287,34,11.20,20,0
876,10315,34,11.20,14,0
877,10358,34,11.20,10,0.05
878,10367,34,11.20,36,0
879,10386,34,11.20,10,0
880,10438,34,11.20,20,0.2
881,10483,34,11.20,35,0.05
882,10548,34,14.00,10,0.25
883,10573,34,14.00,40,0
884,10688,34,14.00,14,0
885,10700,34,14.00,12,0.2
886,10757,34,14.00,30,0
887,10805,34,14.00,10,0
888,10890,34,14.00,10,0
889,10937,34,14.00,20,0
890,10990,34,14.00,60,0.15
891,11008,34,14.00,90,0.05
892,11063,34,14.00,30,0
893,11066,34,14.00,35,0
894,10261,35,14.40,20,0
895,10281,35,14.40,4,0
896,10286,35,14.40,100,0
897,10321,35,14.40,10,0
898,10324,35,14.40,70,0.15
899,10390,35,14.40,40,0.1
900,10398,35,14.40,30,0
901,10400,35,14.40,35,0
902,10424,35,14.40,60,0.2
903,10444,35,14.40,8,0
904,10521,35,18.00,3,0
905,10546,35,18.00,30,0
906,10551,35,18.00,20,0.15
907,10553,35,18.00,6,0
908,10578,35,18.00,20,0
909,10587,35,18.00,20,0
910,10589,35,18.00,4,0
911,10595,35,18.00,30,0.25
912,10623,35,18.00,30,0.1
913,10697,35,18.00,9,0.25
914,10720,35,18.00,21,0
915,10740,35,18.00,35,0.2
916,10789,35,18.00,15,0
917,10821,35,18.00,20,0
918,10831,35,18.00,8,0
919,10836,35,18.00,6,0
920,10845,35,18.00,25,0.1
921,10864,35,18.00,4,0
922,10868,35,18.00,30,0
923,10870,35,18.00,3,0
924,10921,35,18.00,10,0
925,10957,35,18.00,40,0
926,11002,35,18.00,15,0.15
927,11035,35,18.00,60,0
928,11039,35,18.00,24,0
929,11046,35,18.00,18,0.05
930,10255,36,15.20,25,0
931,10270,36,15.20,30,0
932,10298,36,15.20,40,0.25
933,10313,36,15.20,12,0
934,10337,36,15.20,20,0
935,10342,36,15.20,40,0.2
936,10358,36,15.20,20,0.05
937,10371,36,15.20,6,0.2
938,10406,36,15.20,5,0.1
939,10525,36,19.00,30,0
940,10527,36,19.00,30,0.1
941,10547,36,19.00,60,0
942,10563,36,19.00,25,0
943,10610,36,19.00,21,0.25
944,10612,36,19.00,55,0
945,10645,36,19.00,15,0
946,10669,36,19.00,30,0
947,10687,36,19.00,6,0.25
948,10708,36,19.00,5,0
949,10718,36,19.00,40,0
950,10739,36,19.00,6,0
951,10756,36,19.00,20,0.2
952,10784,36,19.00,30,0
953,10838,36,19.00,50,0.25
954,10893,36,19.00,20,0
955,10925,36,19.00,25,0.15
956,10936,36,19.00,30,0.2
957,10984,36,19.00,40,0
958,11009,36,19.00,18,0.25
959,11016,36,19.00,16,0
960,11032,36,19.00,35,0
961,10259,37,20.80,1,0
962,10337,37,20.80,28,0
963,10408,37,20.80,10,0
964,10523,37,26.00,18,0.1
965,10847,37,26.00,60,0.2
966,10966,37,26.00,8,0
967,10329,38,210.80,20,0.05
968,10351,38,210.80,20,0.05
969,10353,38,210.80,50,0.2
970,10360,38,210.80,10,0
971,10372,38,210.80,40,0.25
972,10417,38,210.80,50,0
973,10424,38,210.80,49,0.2
974,10479,38,210.80,30,0
975,10518,38,263.50,15,0
976,10540,38,263.50,30,0
977,10541,38,263.50,4,0.1
978,10616,38,263.50,15,0.05
979,10672,38,263.50,15,0.1
980,10783,38,263.50,5,0
981,10805,38,263.50,10,0
982,10816,38,263.50,30,0.05
983,10817,38,263.50,30,0
984,10828,38,263.50,2,0
985,10831,38,263.50,8,0
986,10865,38,263.50,60,0.05
987,10889,38,263.50,40,0
988,10964,38,263.50,5,0
989,10981,38,263.50,60,0
990,11032,38,263.50,25,0
991,10253,39,14.40,42,0
992,10257,39,14.40,6,0
993,10297,39,14.40,60,0
994,10305,39,14.40,30,0.1
995,10323,39,14.40,4,0
996,10347,39,14.40,50,0.15
997,10361,39,14.40,54,0.1
998,10377,39,14.40,20,0.15
999,10445,39,14.40,6,0
1000,10455,39,14.40,20,0
1001,10477,39,14.40,20,0.25
1002,10508,39,18.00,10,0
1003,10577,39,18.00,10,0
1004,10614,39,18.00,5,0
1005,10643,39,18.00,21,0.25
1006,10647,39,18.00,20,0
1007,10654,39,18.00,20,0.1
1008,10661,39,18.00,3,0.2
1009,10762,39,18.00,16,0
1010,10764,39,18.00,130,0.1
1011,10784,39,18.00,2,0.15
1012,10827,39,18.00,21,0
1013,10830,39,18.00,28,0
1014,10840,39,18.00,10,0.2
1015,10865,39,18.00,80,0.05
1016,10895,39,18.00,45,0
1017,10899,39,18.00,8,0.15
1018,10977,39,18.00,30,0
1019,11069,39,18.00,20,0
1020,11077,39,18.00,2,0.05
1021,10267,40,14.70,50,0
1022,10273,40,14.70,60,0.05
1023,10285,40,14.70,40,0.2
1024,10301,40,14.70,10,0
1025,10303,40,14.70,40,0.1
1026,10347,40,14.70,4,0
1027,10406,40,14.70,2,0.1
1028,10431,40,14.70,50,0.25
1029,10448,40,14.70,20,0
1030,10465,40,14.70,20,0
1031,10474,40,14.70,21,0
1032,10482,40,14.70,10,0
1033,10484,40,14.70,10,0
1034,10498,40,18.40,5,0
1035,10522,40,18.40,25,0.2
1036,10525,40,18.40,15,0.1
1037,10534,40,18.40,10,0.2
1038,10535,40,18.40,10,0.1
1039,10572,40,18.40,50,0
1040,10574,40,18.40,2,0
1041,10607,40,18.40,42,0
1042,10641,40,18.40,60,0
1043,10658,40,18.40,70,0.05
1044,10659,40,18.40,24,0.05
1045,10663,40,18.40,30,0.05
1046,10684,40,18.40,20,0
1047,10728,40,18.40,6,0
1048,10744,40,18.40,50,0.2
1049,10748,40,18.40,40,0
1050,10754,40,18.40,3,0
1051,10807,40,18.40,1,0
1052,10811,40,18.40,30,0
1053,10817,40,18.40,60,0.15
1054,10837,40,18.40,25,0
1055,10879,40,18.40,12,0
1056,10895,40,18.40,91,0
1057,10919,40,18.40,20,0
1058,10978,40,18.40,10,0
1059,11003,40,18.40,10,0
1060,11038,40,18.40,5,0.2
1061,11063,40,18.40,40,0.1
1062,10250,41,7.70,10,0
1063,10260,41,7.70,16,0.25
1064,10264,41,7.70,25,0.15
1065,10316,41,7.70,10,0
1066,10318,41,7.70,20,0
1067,10340,41,7.70,12,0.05
1068,10351,41,7.70,13,0
1069,10379,41,7.70,8,0.1
1070,10411,41,7.70,25,0.2
1071,10444,41,7.70,30,0
1072,10495,41,7.70,20,0
1073,10516,41,9.65,80,0.1
1074,10521,41,9.65,10,0
1075,10523,41,9.65,6,0.1
1076,10548,41,9.65,14,0
1077,10559,41,9.65,12,0.05
1078,10580,41,9.65,9,0.05
1079,10655,41,9.65,20,0.2
1080,10657,41,9.65,24,0
1081,10678,41,9.65,120,0
1082,10685,41,9.65,4,0
1083,10711,41,9.65,42,0
1084,10725,41,9.65,12,0
1085,10737,41,9.65,12,0
1086,10747,41,9.65,35,0
1087,10769,41,9.65,30,0.05
1088,10778,41,9.65,10,0
1089,10791,41,9.65,20,0.05
1090,10793,41,9.65,14,0
1091,10814,41,9.65,20,0
1092,10818,41,9.65,20,0
1093,10824,41,9.65,12,0
1094,10890,41,9.65,14,0
1095,10901,41,9.65,30,0
1096,10909,41,9.65,5,0
1097,10951,41,9.65,6,0.05
1098,10960,41,9.65,24,0
1099,10973,41,9.65,6,0
1100,10989,41,9.65,4,0
1101,10993,41,9.65,35,0.25
1102,10999,41,9.65,20,0.05
1103,11014,41,9.65,28,0.1
1104,11063,41,9.65,30,0.1
1105,11064,41,9.65,12,0
1106,11067,41,9.65,9,0
1107,11072,41,9.65,40,0
1108,11077,41,9.65,3,0
1109,10248,42,9.80,10,0
1110,10309,42,11.20,2,0
1111,10311,42,11.20,6,0
1112,10332,42,11.20,10,0.2
1113,10345,42,11.20,9,0
1114,10404,42,11.20,40,0.05
1115,10463,42,11.20,50,0
1116,10492,42,11.20,20,0.05
1117,10498,42,14.00,30,0
1118,10516,42,14.00,20,0
1119,10571,42,14.00,28,0.15
1120,10588,42,14.00,100,0.2
1121,10625,42,14.00,5,0
1122,10652,42,14.00,20,0
1123,10663,42,14.00,30,0.05
1124,10673,42,14.00,6,0
1125,10680,42,14.00,40,0.25
1126,10746,42,14.00,28,0
1127,10767,42,14.00,2,0
1128,10776,42,14.00,12,0.05
1129,10777,42,14.00,20,0.2
1130,10845,42,14.00,42,0.1
1131,10856,42,14.00,20,0
1132,10882,42,14.00,25,0
1133,10923,42,14.00,10,0.2
1134,10996,42,14.00,40,0
1135,11002,42,14.00,24,0.15
1136,11007,42,14.00,14,0
1137,11013,42,14.00,4,0
1138,11035,42,14.00,30,0
1139,10270,43,36.80,25,0
1140,10294,43,36.80,15,0
1141,10302,43,36.80,12,0
1142,10309,43,36.80,20,0
1143,10312,43,36.80,24,0
1144,10340,43,36.80,40,0.05
1145,10458,43,36.80,20,0
1146,10464,43,36.80,3,0
1147,10468,43,36.80,15,0
1148,10507,43,46.00,15,0.15
1149,10524,43,46.00,60,0
1150,10530,43,46.00,25,0
1151,10644,43,46.00,20,0
1152,10673,43,46.00,6,0
1153,10691,43,46.00,40,0
1154,10706,43,46.00,24,0
1155,10760,43,46.00,30,0.25
1156,10814,43,46.00,20,0.15
1157,10819,43,46.00,7,0
1158,10831,43,46.00,9,0
1159,10842,43,46.00,5,0
1160,10923,43,46.00,10,0.2
1161,10938,43,46.00,24,0.25
1162,10982,43,46.00,9,0
1163,10987,43,46.00,6,0
1164,11023,43,46.00,30,0
1165,11052,43,46.00,30,0.2
1166,11068,43,46.00,36,0.15
1167,10278,44,15.50,16,0
1168,10284,44,15.50,21,0
1169,10291,44,15.50,24,0.1
1170,10351,44,15.50,77,0.05
1171,10411,44,15.50,40,0.2
1172,10452,44,15.50,100,0.05
1173,10469,44,15.50,2,0.15
1174,10491,44,15.50,15,0.15
1175,10518,44,19.45,9,0
1176,10551,44,19.45,40,0
1177,10561,44,19.45,10,0
1178,10576,44,19.45,21,0
1179,10624,44,19.45,10,0
1180,10656,44,19.45,28,0.1
1181,10676,44,19.45,21,0
1182,10691,44,19.45,24,0
1183,10721,44,19.45,50,0.05
1184,10745,44,19.45,16,0
1185,10796,44,19.45,10,0
1186,10832,44,19.45,16,0.2
1187,10944,44,19.45,18,0.25
1188,10978,44,19.45,6,0.15
1189,11034,44,19.45,12,0
1190,11042,44,19.45,15,0
1191,10388,45,7.60,15,0.2
1192,10465,45,7.60,30,0.1
1193,10502,45,9.50,21,0
1194,10549,45,9.50,100,0.15
1195,10638,45,9.50,20,0
1196,10713,45,9.50,110,0
1197,10740,45,9.50,40,0.2
1198,10750,45,9.50,40,0.15
1199,10753,45,9.50,4,0
1200,10776,45,9.50,27,0.05
1201,10847,45,9.50,36,0.2
1202,10896,45,9.50,15,0
1203,10954,45,9.50,30,0
1204,11013,45,9.50,20,0
1205,10287,46,9.60,15,0.15
1206,10324,46,9.60,30,0
1207,10390,46,9.60,45,0
1208,10395,46,9.60,28,0.1
1209,10417,46,9.60,2,0.25
1210,10428,46,9.60,20,0
1211,10436,46,9.60,5,0
1212,10454,46,9.60,10,0.2
1213,10459,46,9.60,20,0.05
1214,10466,46,9.60,5,0
1215,10512,46,12.00,9,0.15
1216,10643,46,12.00,2,0.25
1217,10644,46,12.00,21,0.1
1218,10657,46,12.00,45,0
1219,10670,46,12.00,60,0
1220,10696,46,12.00,18,0
1221,10713,46,12.00,24,0
1222,10743,46,12.00,28,0.05
1223,10813,46,12.00,35,0
1224,10876,46,12.00,21,0
1225,10943,46,12.00,15,0
1226,10969,46,12.00,9,0
1227,10997,46,12.00,20,0.25
1228,11001,46,12.00,25,0
1229,11019,46,12.00,3,0
1230,11075,46,12.00,30,0.15
1231,11077,46,12.00,3,0.02
1232,10332,47,7.60,16,0.2
1233,10418,47,7.60,55,0
1234,10431,47,7.60,30,0.25
1235,10480,47,7.60,30,0
1236,10512,47,9.50,6,0.15
1237,10558,47,9.50,25,0
1238,10585,47,9.50,15,0
1239,10656,47,9.50,6,0.1
1240,10657,47,9.50,10,0
1241,10684,47,9.50,40,0
1242,10685,47,9.50,15,0
1243,10699,47,9.50,12,0
1244,10710,47,9.50,5,0
1245,10714,47,9.50,50,0.25
1246,10755,47,9.50,30,0.25
1247,10762,47,9.50,30,0
1248,10837,47,9.50,40,0.25
1249,10875,47,9.50,21,0.1
1250,10928,47,9.50,5,0
1251,10956,47,9.50,14,0
1252,10977,47,9.50,30,0
1253,10403,48,10.20,70,0.15
1254,10453,48,10.20,15,0.1
1255,10507,48,12.75,15,0.15
1256,10604,48,12.75,6,0.1
1257,10704,48,12.75,24,0
1258,10814,48,12.75,8,0.15
1259,10253,49,16.00,40,0
1260,10290,49,16.00,15,0
1261,10304,49,16.00,30,0
1262,10360,49,16.00,35,0
1263,10400,49,16.00,30,0
1264,10404,49,16.00,30,0.05
1265,10456,49,16.00,21,0.15
1266,10481,49,16.00,24,0
1267,10499,49,20.00,25,0
1268,10539,49,20.00,6,0
1269,10603,49,20.00,25,0.05
1270,10612,49,20.00,18,0
1271,10804,49,20.00,4,0.15
1272,10868,49,20.00,42,0.1
1273,10875,49,20.00,15,0
1274,10882,49,20.00,20,0.15
1275,10910,49,20.00,10,0
1276,10942,49,20.00,28,0
1277,10967,49,20.00,40,0
1278,11019,49,20.00,2,0
1279,11039,49,20.00,60,0
1280,10350,50,13.00,15,0.1
1281,10383,50,13.00,15,0
1282,10429,50,13.00,40,0
1283,10465,50,13.00,25,0
1284,10637,50,16.25,25,0.05
1285,10729,50,16.25,40,0
1286,10751,50,16.25,20,0.1
1287,10920,50,16.25,24,0
1288,10948,50,16.25,9,0
1289,11072,50,16.25,22,0
1290,10249,51,42.40,40,0
1291,10250,51,42.40,35,0.15
1292,10291,51,42.40,2,0.1
1293,10335,51,42.40,48,0.2
1294,10362,51,42.40,20,0
1295,10397,51,42.40,18,0.15
1296,10472,51,42.40,18,0
1297,10484,51,42.40,3,0
1298,10486,51,42.40,25,0
1299,10537,51,53.00,6,0
1300,10549,51,53.00,48,0.15
1301,10555,51,53.00,20,0.2
1302,10558,51,53.00,20,0
1303,10561,51,53.00,50,0
1304,10567,51,53.00,3,0
1305,10634,51,53.00,15,0
1306,10663,51,53.00,20,0.05
1307,10665,51,53.00,20,0
1308,10709,51,53.00,28,0
1309,10716,51,53.00,7,0
1310,10731,51,53.00,30,0.05
1311,10762,51,53.00,28,0
1312,10776,51,53.00,120,0.05
1313,10800,51,53.00,10,0.1
1314,10802,51,53.00,30,0.25
1315,10821,51,53.00,6,0
1316,10843,51,53.00,4,0.25
1317,10860,51,53.00,3,0
1318,10870,51,53.00,2,0
1319,10948,51,53.00,40,0
1320,10956,51,53.00,8,0
1321,10965,51,53.00,16,0
1322,10977,51,53.00,10,0
1323,10995,51,53.00,20,0
1324,10999,51,53.00,15,0.05
1325,11021,51,53.00,44,0.25
1326,11026,51,53.00,10,0
1327,11045,51,53.00,24,0
1328,11055,51,53.00,20,0
1329,10322,52,5.60,20,0
1330,10334,52,5.60,8,0
1331,10388,52,5.60,20,0.2
1332,10446,52,5.60,15,0.1
1333,10449,52,5.60,20,0
1334,10517,52,7.00,6,0
1335,10558,52,7.00,30,0
1336,10563,52,7.00,70,0
1337,10586,52,7.00,4,0.15
1338,10594,52,7.00,24,0
1339,10620,52,7.00,5,0
1340,10683,52,7.00,9,0
1341,10725,52,7.00,4,0
1342,10733,52,7.00,25,0
1343,10739,52,7.00,18,0
1344,10758,52,7.00,60,0
1345,10769,52,7.00,15,0.05
1346,10793,52,7.00,8,0
1347,10809,52,7.00,20,0
1348,10862,52,7.00,8,0
1349,10908,52,7.00,14,0.05
1350,10925,52,7.00,12,0.15
1351,10927,52,7.00,5,0
1352,10961,52,7.00,6,0.05
1353,10970,52,7.00,40,0.2
1354,10997,52,7.00,20,0.25
1355,11003,52,7.00,10,0
1356,11038,52,7.00,2,0
1357,11077,52,7.00,2,0
1358,10256,53,26.20,15,0
1359,10285,53,26.20,36,0.2
1360,10306,53,26.20,10,0
1361,10312,53,26.20,20,0
1362,10380,53,26.20,20,0.1
1363,10388,53,26.20,40,0
1364,10395,53,26.20,70,0.1
1365,10416,53,26.20,10,0
1366,10421,53,26.20,15,0.15
1367,10437,53,26.20,15,0
1368,10455,53,26.20,50,0
1369,10479,53,26.20,28,0
1370,10502,53,32.80,6,0
1371,10504,53,32.80,10,0
1372,10520,53,32.80,5,0
1373,10558,53,32.80,18,0
1374,10573,53,32.80,25,0
1375,10626,53,32.80,12,0
1376,10650,53,32.80,25,0.05
1377,10675,53,32.80,10,0
1378,10711,53,32.80,120,0
1379,10712,53,32.80,3,0.05
1380,10825,53,32.80,20,0
1381,10833,53,32.80,9,0.1
1382,10867,53,32.80,3,0
1383,10933,53,32.80,2,0
1384,10962,53,32.80,20,0
1385,11033,53,32.80,70,0.1
1386,11062,53,32.80,10,0.2
1387,11064,53,32.80,25,0.1
1388,10288,54,5.90,10,0.1
1389,10306,54,5.90,5,0
1390,10331,54,5.90,15,0
1391,10349,54,5.90,24,0
1392,10352,54,5.90,20,0.15
1393,10360,54,5.90,28,0
1394,10362,54,5.90,24,0
1395,10367,54,5.90,18,0
1396,10375,54,5.90,10,0
1397,10408,54,5.90,6,0
1398,10432,54,5.90,40,0
1399,10442,54,5.90,80,0
1400,10445,54,5.90,15,0
1401,10450,54,5.90,6,0.2
1402,10487,54,5.90,24,0.25
1403,10501,54,7.45,20,0
1404,10524,54,7.45,15,0
1405,10534,54,7.45,10,0.2
1406,10542,54,7.45,24,0.05
1407,10591,54,7.45,50,0
1408,10600,54,7.45,4,0
1409,10650,54,7.45,30,0
1410,10654,54,7.45,6,0.1
1411,10678,54,7.45,30,0
1412,10693,54,7.45,60,0.15
1413,10717,54,7.45,15,0
1414,10719,54,7.45,40,0.25
1415,10781,54,7.45,3,0.2
1416,10792,54,7.45,3,0
1417,10794,54,7.45,6,0.2
1418,10800,54,7.45,7,0.1
1419,10859,54,7.45,35,0.25
1420,10882,54,7.45,32,0.15
1421,10915,54,7.45,10,0
1422,11035,54,7.45,10,0
1423,11065,54,7.45,20,0.25
1424,10254,55,19.20,21,0.15
1425,10280,55,19.20,20,0
1426,10342,55,19.20,40,0.2
1427,10356,55,19.20,12,0
1428,10389,55,19.20,15,0
1429,10398,55,19.20,120,0.1
1430,10425,55,19.20,10,0.25
1431,10451,55,19.20,120,0.1
1432,10461,55,19.20,60,0.25
1433,10476,55,19.20,2,0.05
1434,10485,55,19.20,30,0.1
1435,10529,55,24.00,14,0
1436,10559,55,24.00,18,0.05
1437,10564,55,24.00,25,0.05
1438,10606,55,24.00,20,0.2
1439,10615,55,24.00,5,0
1440,10630,55,24.00,12,0.05
1441,10668,55,24.00,4,0.1
1442,10707,55,24.00,21,0
1443,10725,55,24.00,6,0
1444,10728,55,24.00,12,0
1445,10802,55,24.00,60,0.25
1446,10872,55,24.00,10,0.05
1447,10902,55,24.00,30,0.15
1448,10930,55,24.00,25,0.2
1449,10948,55,24.00,4,0
1450,10990,55,24.00,65,0.15
1451,11001,55,24.00,6,0
1452,11002,55,24.00,40,0
1453,11028,55,24.00,35,0
1454,11056,55,24.00,35,0
1455,11064,55,24.00,4,0.1
1456,11077,55,24.00,2,0
1457,10262,56,30.40,2,0
1458,10295,56,30.40,4,0
1459,10301,56,30.40,20,0
1460,10329,56,30.40,12,0.05
1461,10346,56,30.40,20,0
1462,10369,56,30.40,18,0.25
1463,10383,56,30.40,20,0
1464,10401,56,30.40,70,0
1465,10426,56,30.40,5,0
1466,10430,56,30.40,30,0
1467,10433,56,30.40,28,0
1468,10436,56,30.40,40,0.1
1469,10458,56,30.40,15,0
1470,10464,56,30.40,30,0.2
1471,10471,56,30.40,20,0
1472,10494,56,30.40,30,0
1473,10497,56,30.40,14,0
1474,10514,56,38.00,70,0
1475,10519,56,38.00,40,0
1476,10526,56,38.00,30,0.15
1477,10555,56,38.00,40,0.2
1478,10570,56,38.00,60,0.05
1479,10596,56,38.00,5,0.2
1480,10608,56,38.00,28,0
1481,10616,56,38.00,14,0
1482,10618,56,38.00,20,0
1483,10637,56,38.00,60,0.05
1484,10657,56,38.00,45,0
1485,10664,56,38.00,12,0.15
1486,10690,56,38.00,20,0.25
1487,10712,56,38.00,30,0
1488,10714,56,38.00,18,0.25
1489,10727,56,38.00,10,0.05
1490,10740,56,38.00,14,0.2
1491,10748,56,38.00,28,0
1492,10749,56,38.00,15,0
1493,10755,56,38.00,30,0.25
1494,10762,56,38.00,60,0
1495,10781,56,38.00,20,0.2
1496,10790,56,38.00,20,0.15
1497,10808,56,38.00,20,0.15
1498,10820,56,38.00,30,0
1499,10841,56,38.00,30,0
1500,10855,56,38.00,24,0
1501,10884,56,38.00,21,0.05
1502,10896,56,38.00,16,0
1503,10944,56,38.00,18,0
1504,10966,56,38.00,12,0.15
1505,11018,56,38.00,5,0
1506,11029,56,38.00,20,0
1507,10251,57,15.60,15,0.05
1508,10260,57,15.60,50,0
1509,10282,57,15.60,2,0
1510,10326,57,15.60,16,0
1511,10355,57,15.60,25,0
1512,10368,57,15.60,25,0
1513,10416,57,15.60,20,0
1514,10438,57,15.60,15,0.2
1515,10535,57,19.50,5,0.1
1516,10578,57,19.50,6,0
1517,10582,57,19.50,4,0
1518,10597,57,19.50,20,0
1519,10707,57,19.50,40,0
1520,10755,57,19.50,14,0.25
1521,10823,57,19.50,15,0
1522,10826,57,19.50,15,0
1523,10836,57,19.50,24,0
1524,10851,57,19.50,10,0.05
1525,10916,57,19.50,20,0
1526,10931,57,19.50,30,0
1527,10983,57,19.50,15,0
1528,11039,57,19.50,28,0
1529,11055,57,19.50,20,0
1530,10314,58,10.60,30,0.1
1531,10327,58,10.60,30,0.2
1532,10373,58,10.60,80,0.2
1533,10374,58,10.60,15,0
1534,10537,58,13.25,20,0
1535,10594,58,13.25,30,0
1536,10636,58,13.25,6,0
1537,10661,58,13.25,49,0.2
1538,10675,58,13.25,30,0
1539,10697,58,13.25,30,0.25
1540,10714,58,13.25,12,0.25
1541,10839,58,13.25,30,0.1
1542,10845,58,13.25,60,0.1
1543,10863,58,13.25,12,0.15
1544,10904,58,13.25,15,0
1545,10913,58,13.25,15,0
1546,10930,58,13.25,30,0.2
1547,11011,58,13.25,40,0.05
1548,10255,59,44.00,30,0
1549,10267,59,44.00,70,0.15
1550,10275,59,44.00,6,0.05
1551,10278,59,44.00,15,0
1552,10298,59,44.00,30,0.25
1553,10304,59,44.00,10,0
1554,10324,59,44.00,40,0.15
1555,10328,59,44.00,9,0
1556,10341,59,44.00,9,0.15
1557,10387,59,44.00,12,0
1558,10410,59,44.00,16,0
1559,10411,59,44.00,9,0.2
1560,10423,59,44.00,20,0
1561,10430,59,44.00,70,0.2
1562,10457,59,44.00,36,0
1563,10479,59,44.00,60,0
1564,10480,59,44.00,12,0
1565,10488,59,44.00,30,0
1566,10490,59,44.00,60,0
1567,10517,59,55.00,4,0
1568,10531,59,55.00,2,0
1569,10535,59,55.00,15,0.1
1570,10567,59,55.00,40,0.2
1571,10575,59,55.00,12,0
1572,10601,59,55.00,35,0
1573,10605,59,55.00,20,0.05
1574,10617,59,55.00,30,0.15
1575,10665,59,55.00,1,0
1576,10679,59,55.00,12,0
1577,10694,59,55.00,25,0
1578,10701,59,55.00,42,0.15
1579,10703,59,55.00,35,0
1580,10706,59,55.00,8,0
1581,10727,59,55.00,10,0.05
1582,10745,59,55.00,45,0
1583,10749,59,55.00,6,0
1584,10750,59,55.00,25,0.15
1585,10757,59,55.00,7,0
1586,10772,59,55.00,25,0
1587,10799,59,55.00,25,0
1588,10803,59,55.00,15,0.05
1589,10823,59,55.00,40,0.1
1590,10835,59,55.00,15,0
1591,10841,59,55.00,50,0
1592,10851,59,55.00,42,0.05
1593,10892,59,55.00,40,0.05
1594,10947,59,55.00,4,0
1595,10994,59,55.00,18,0.05
1596,11005,59,55.00,10,0
1597,11017,59,55.00,110,0
1598,11028,59,55.00,24,0
1599,11030,59,55.00,100,0.25
1600,11032,59,55.00,30,0
1601,11036,59,55.00,30,0
1602,10252,60,27.20,40,0
1603,10283,60,27.20,35,0
1604,10284,60,27.20,20,0.25
1605,10294,60,27.20,21,0
1606,10357,60,27.20,8,0.2
1607,10359,60,27.20,80,0.05
1608,10361,60,27.20,55,0.1
1609,10372,60,27.20,70,0.25
1610,10380,60,27.20,6,0.1
1611,10384,60,27.20,15,0
1612,10385,60,27.20,20,0.2
1613,10419,60,27.20,60,0.05
1614,10464,60,27.20,20,0
1615,10481,60,27.20,40,0
1616,10512,60,34.00,12,0.15
1617,10515,60,34.00,84,0.15
1618,10519,60,34.00,10,0.05
1619,10536,60,34.00,35,0.25
1620,10583,60,34.00,24,0.15
1621,10605,60,34.00,70,0.05
1622,10611,60,34.00,15,0
1623,10612,60,34.00,40,0
1624,10625,60,34.00,10,0
1625,10626,60,34.00,20,0
1626,10653,60,34.00,20,0.1
1627,10657,60,34.00,30,0
1628,10658,60,34.00,55,0.05
1629,10684,60,34.00,30,0
1630,10709,60,34.00,10,0
1631,10728,60,34.00,15,0
1632,10742,60,34.00,50,0
1633,10768,60,34.00,15,0
1634,10829,60,34.00,21,0
1635,10830,60,34.00,30,0
1636,10836,60,34.00,60,0
1637,10847,60,34.00,45,0.2
1638,10895,60,34.00,100,0
1639,10917,60,34.00,10,0
1640,10918,60,34.00,25,0.25
1641,10938,60,34.00,49,0.25
1642,10954,60,34.00,24,0.15
1643,10963,60,34.00,2,0.15
1644,10995,60,34.00,4,0
1645,11009,60,34.00,9,0
1646,11012,60,34.00,36,0.05
1647,11056,60,34.00,50,0
1648,11058,60,34.00,21,0
1649,11059,60,34.00,35,0
1650,11060,60,34.00,4,0
1651,11061,60,34.00,15,0
1652,11077,60,34.00,2,0.06
1653,10418,61,22.80,16,0
1654,10440,61,22.80,90,0.15
1655,10455,61,22.80,25,0
1656,10504,61,28.50,25,0
1657,10513,61,28.50,15,0.2
1658,10530,61,28.50,20,0
1659,10550,61,28.50,10,0.1
1660,10595,61,28.50,120,0.25
1661,10642,61,28.50,20,0.2
1662,10716,61,28.50,10,0
1663,10724,61,28.50,5,0
1664,10735,61,28.50,20,0.1
1665,10769,61,28.50,20,0
1666,10814,61,28.50,30,0.15
1667,10880,61,28.50,30,0.2
1668,10906,61,28.50,15,0
1669,10910,61,28.50,5,0
1670,10933,61,28.50,30,0
1671,10990,61,28.50,66,0.15
1672,10998,61,28.50,7,0
1673,11034,61,28.50,6,0
1674,11042,61,28.50,4,0
1675,11052,61,28.50,10,0.2
1676,11058,61,28.50,4,0
1677,10260,62,39.40,15,0.25
1678,10277,62,39.40,12,0
1679,10286,62,39.40,40,0
1680,10298,62,39.40,15,0
1681,10307,62,39.40,10,0
1682,10310,62,39.40,5,0
1683,10314,62,39.40,25,0.1
1684,10316,62,39.40,70,0
1685,10339,62,39.40,28,0
1686,10389,62,39.40,20,0
1687,10394,62,39.40,10,0
1688,10408,62,39.40,35,0
1689,10413,62,39.40,40,0
1690,10449,62,39.40,35,0
1691,10505,62,49.30,3,0
1692,10546,62,49.30,40,0
1693,10554,62,49.30,20,0.05
1694,10560,62,49.30,15,0.25
1695,10562,62,49.30,10,0.1
1696,10574,62,49.30,10,0
1697,10599,62,49.30,10,0
1698,10606,62,49.30,10,0.2
1699,10627,62,49.30,15,0
1700,10633,62,49.30,80,0.15
1701,10671,62,49.30,10,0
1702,10691,62,49.30,48,0
1703,10718,62,49.30,20,0
1704,10746,62,49.30,9,0
1705,10757,62,49.30,30,0
1706,10769,62,49.30,15,0
1707,10779,62,49.30,20,0
1708,10798,62,49.30,2,0
1709,10802,62,49.30,5,0.25
1710,10816,62,49.30,20,0.05
1711,10817,62,49.30,25,0.15
1712,10822,62,49.30,3,0
1713,10852,62,49.30,50,0
1714,10861,62,49.30,3,0
1715,10872,62,49.30,20,0.05
1716,10902,62,49.30,6,0.15
1717,10904,62,49.30,35,0
1718,10932,62,49.30,14,0.1
1719,10941,62,49.30,30,0.25
1720,10949,62,49.30,60,0
1721,10966,62,49.30,12,0.15
1722,10988,62,49.30,40,0.1
1723,11027,62,49.30,21,0.25
1724,11044,62,49.30,12,0
1725,10278,63,35.10,8,0
1726,10293,63,35.10,5,0
1727,10324,63,35.10,80,0.15
1728,10379,63,35.10,16,0.1
1729,10402,63,35.10,65,0
1730,10429,63,35.10,35,0.25
1731,10575,63,43.90,6,0
1732,10596,63,43.90,24,0.2
1733,10692,63,43.90,20,0
1734,10747,63,43.90,9,0
1735,10789,63,43.90,30,0
1736,10921,63,43.90,40,0
1737,10974,63,43.90,10,0
1738,10977,63,43.90,20,0
1739,10979,63,43.90,35,0
1740,11029,63,43.90,12,0
1741,11041,63,43.90,30,0
1742,10289,64,26.60,9,0
1743,10343,64,26.60,50,0
1744,10368,64,26.60,35,0.1
1745,10370,64,26.60,30,0
1746,10426,64,26.60,7,0
1747,10436,64,26.60,30,0.1
1748,10439,64,26.60,6,0
1749,10451,64,26.60,35,0.1
1750,10470,64,26.60,8,0
1751,10479,64,26.60,30,0
1752,10557,64,33.25,30,0
1753,10565,64,33.25,18,0.1
1754,10574,64,33.25,6,0
1755,10629,64,33.25,9,0
1756,10668,64,33.25,15,0.1
1757,10681,64,33.25,28,0
1758,10757,64,33.25,24,0
1759,10796,64,33.25,35,0.2
1760,10832,64,33.25,3,0
1761,10836,64,33.25,30,0
1762,10845,64,33.25,48,0
1763,10859,64,33.25,30,0.25
1764,10872,64,33.25,15,0.05
1765,10876,64,33.25,20,0
1766,10957,64,33.25,8,0
1767,10968,64,33.25,4,0
1768,11031,64,33.25,20,0
1769,11053,64,33.25,25,0.2
1770,11072,64,33.25,130,0
1771,11077,64,33.25,2,0.03
1772,10250,65,16.80,15,0.15
1773,10251,65,16.80,20,0
1774,10303,65,16.80,30,0.1
1775,10328,65,16.80,40,0
1776,10351,65,16.80,10,0.05
1777,10366,65,16.80,5,0
1778,10367,65,16.80,15,0
1779,10379,65,16.80,20,0.1
1780,10401,65,16.80,20,0
1781,10447,65,16.80,35,0
1782,10451,65,16.80,28,0.1
1783,10493,65,16.80,15,0.1
1784,10503,65,21.05,20,0
1785,10514,65,21.05,39,0
1786,10541,65,21.05,36,0.1
1787,10580,65,21.05,30,0.05
1788,10597,65,21.05,12,0.2
1789,10638,65,21.05,21,0
1790,10664,65,21.05,15,0.15
1791,10666,65,21.05,10,0
1792,10671,65,21.05,12,0
1793,10698,65,21.05,65,0.05
1794,10730,65,21.05,10,0.05
1795,10736,65,21.05,40,0
1796,10765,65,21.05,80,0.1
1797,10806,65,21.05,2,0
1798,10855,65,21.05,15,0.15
1799,10872,65,21.05,21,0.05
1800,10879,65,21.05,10,0
1801,10884,65,21.05,12,0.05
1802,10903,65,21.05,21,0
1803,11024,65,21.05,21,0
1804,10300,66,13.60,30,0
1805,10442,66,13.60,60,0
1806,10475,66,13.60,60,0.15
1807,10493,66,13.60,10,0.1
1808,10532,66,17.00,24,0
1809,10682,66,17.00,4,0
1810,10774,66,17.00,50,0
1811,11077,66,17.00,1,0
1812,10284,67,11.20,5,0.25
1813,10502,67,14.00,30,0
1814,10544,67,14.00,7,0
1815,10670,67,14.00,25,0
1816,10775,67,14.00,3,0
1817,10864,67,14.00,15,0
1818,10911,67,14.00,15,0
1819,10923,67,14.00,24,0.2
1820,10939,67,14.00,40,0.15
1821,11054,67,14.00,20,0
1822,10288,68,10.00,3,0.1
1823,10300,68,10.00,20,0
1824,10303,68,10.00,15,0.1
1825,10307,68,10.00,3,0
1826,10328,68,10.00,10,0
1827,10334,68,10.00,10,0
1828,10343,68,10.00,4,0.05
1829,10385,68,10.00,8,0.2
1830,10399,68,10.00,60,0
1831,10417,68,10.00,36,0.25
1832,10424,68,10.00,30,0.2
1833,10460,68,10.00,21,0.25
1834,10490,68,10.00,30,0
1835,10521,68,12.50,6,0
1836,10529,68,12.50,20,0
1837,10540,68,12.50,35,0
1838,10618,68,12.50,15,0
1839,10622,68,12.50,18,0.2
1840,10662,68,12.50,10,0
1841,10700,68,12.50,40,0.2
1842,10722,68,12.50,45,0
1843,10756,68,12.50,6,0.2
1844,10766,68,12.50,40,0
1845,10789,68,12.50,18,0
1846,10792,68,12.50,15,0
1847,10830,68,12.50,24,0
1848,10842,68,12.50,20,0
1849,10869,68,12.50,20,0
1850,10888,68,12.50,18,0
1851,10903,68,12.50,20,0
1852,10941,68,12.50,80,0.25
1853,11013,68,12.50,2,0
1854,11048,68,12.50,42,0
1855,11064,68,12.50,55,0
1856,10296,69,28.80,15,0
1857,10308,69,28.80,1,0
1858,10311,69,28.80,7,0
1859,10350,69,28.80,18,0.1
1860,10356,69,28.80,20,0
1861,10364,69,28.80,30,0
1862,10392,69,28.80,50,0
1863,10395,69,28.80,8,0
1864,10407,69,28.80,15,0
1865,10419,69,28.80,20,0.05
1866,10493,69,28.80,10,0.1
1867,10529,69,36.00,10,0
1868,10552,69,36.00,18,0
1869,10583,69,36.00,10,0.15
1870,10593,69,36.00,20,0.2
1871,10595,69,36.00,65,0.25
1872,10640,69,36.00,20,0.25
1873,10667,69,36.00,45,0.2
1874,10693,69,36.00,30,0.15
1875,10717,69,36.00,25,0.05
1876,10746,69,36.00,40,0
1877,10747,69,36.00,30,0
1878,10752,69,36.00,3,0
1879,10755,69,36.00,25,0.25
1880,10756,69,36.00,20,0.2
1881,10796,69,36.00,24,0.2
1882,10894,69,36.00,50,0.05
1883,10962,69,36.00,9,0
1884,10964,69,36.00,10,0
1885,11022,69,36.00,30,0
1886,11033,69,36.00,36,0.1
1887,10260,70,12.00,21,0.25
1888,10265,70,12.00,20,0
1889,10299,70,12.00,20,0
1890,10308,70,12.00,5,0
1891,10315,70,12.00,30,0
1892,10380,70,12.00,30,0
1893,10389,70,12.00,30,0
1894,10420,70,12.00,8,0.1
1895,10453,70,12.00,25,0.1
1896,10476,70,12.00,12,0
1897,10485,70,12.00,60,0.1
1898,10506,70,15.00,14,0.1
1899,10517,70,15.00,6,0
1900,10538,70,15.00,7,0
1901,10616,70,15.00,15,0.05
1902,10621,70,15.00,20,0
1903,10640,70,15.00,15,0.25
1904,10659,70,15.00,40,0.05
1905,10694,70,15.00,50,0
1906,10697,70,15.00,30,0.25
1907,10698,70,15.00,8,0.05
1908,10707,70,15.00,28,0.15
1909,10758,70,15.00,40,0
1910,10780,70,15.00,35,0
1911,10810,70,15.00,5,0
1912,10822,70,15.00,6,0
1913,10824,70,15.00,9,0
1914,10842,70,15.00,12,0
1915,10846,70,15.00,30,0
1916,10850,70,15.00,30,0.15
1917,10858,70,15.00,4,0
1918,10880,70,15.00,50,0.2
1919,10885,70,15.00,30,0
1920,10900,70,15.00,3,0.25
1921,10991,70,15.00,20,0.2
1922,11017,70,15.00,30,0
1923,11037,70,15.00,4,0
1924,11057,70,15.00,3,0
1925,11062,70,15.00,12,0.2
1926,10274,71,17.20,20,0
1927,10304,71,17.20,2,0
1928,10309,71,17.20,3,0
1929,10320,71,17.20,30,0
1930,10333,71,17.20,40,0.1
1931,10364,71,17.20,5,0
1932,10373,71,17.20,50,0.2
1933,10378,71,17.20,6,0
1934,10387,71,17.20,15,0
1935,10396,71,17.20,60,0
1936,10399,71,17.20,30,0
1937,10401,71,17.20,60,0
1938,10407,71,17.20,15,0
1939,10447,71,17.20,2,0
1940,10455,71,17.20,30,0
1941,10458,71,17.20,50,0
1942,10473,71,17.20,12,0
1943,10541,71,21.50,9,0.1
1944,10598,71,21.50,9,0
1945,10605,71,21.50,15,0.05
1946,10616,71,21.50,15,0.05
1947,10621,71,21.50,15,0
1948,10626,71,21.50,20,0
1949,10646,71,21.50,30,0.25
1950,10667,71,21.50,14,0.2
1951,10672,71,21.50,12,0
1952,10700,71,21.50,60,0.2
1953,10701,71,21.50,20,0.15
1954,10715,71,21.50,30,0
1955,10720,71,21.50,8,0
1956,10768,71,21.50,12,0
1957,10771,71,21.50,16,0
1958,10847,71,21.50,55,0.2
1959,10901,71,21.50,30,0
1960,10914,71,21.50,25,0
1961,10938,71,21.50,35,0.25
1962,11008,71,21.50,21,0
1963,11011,71,21.50,20,0
1964,11012,71,21.50,60,0.05
1965,11024,71,21.50,50,0
1966,11031,71,21.50,16,0
1967,11038,71,21.50,30,0
1968,10248,72,34.80,5,0
1969,10268,72,27.80,4,0
1970,10269,72,27.80,20,0.05
1971,10272,72,27.80,24,0
1972,10274,72,27.80,7,0
1973,10283,72,27.80,3,0
1974,10297,72,27.80,20,0
1975,10325,72,27.80,40,0
1976,10330,72,27.80,25,0.15
1977,10337,72,27.80,25,0
1978,10372,72,27.80,42,0.25
1979,10390,72,27.80,24,0.1
1980,10396,72,27.80,21,0
1981,10435,72,27.80,10,0
1982,10459,72,27.80,40,0
1983,10497,72,27.80,25,0
1984,10528,72,34.80,9,0
1985,10533,72,34.80,24,0
1986,10537,72,34.80,21,0
1987,10538,72,34.80,1,0
1988,10556,72,34.80,24,0
1989,10575,72,34.80,30,0
1990,10607,72,34.80,12,0
1991,10638,72,34.80,60,0
1992,10649,72,34.80,15,0
1993,10742,72,34.80,35,0
1994,10745,72,34.80,7,0
1995,10784,72,34.80,30,0.15
1996,10798,72,34.80,10,0
1997,10812,72,34.80,40,0.1
1998,10839,72,34.80,15,0.1
1999,10926,72,34.80,10,0
2000,10932,72,34.80,16,0
2001,10941,72,34.80,50,0
2002,10958,72,34.80,5,0
2003,10987,72,34.80,20,0
2004,10992,72,34.80,2,0
2005,11021,72,34.80,35,0
2006,10278,73,12.00,25,0
2007,10420,73,12.00,20,0.1
2008,10488,73,12.00,20,0.2
2009,10533,73,15.00,24,0.05
2010,10537,73,15.00,9,0
2011,10558,73,15.00,3,0
2012,10600,73,15.00,30,0
2013,10627,73,15.00,35,0.15
2014,10670,73,15.00,50,0
2015,10693,73,15.00,15,0.15
2016,10703,73,15.00,35,0
2017,10751,73,15.00,15,0
2018,10881,73,15.00,10,0
2019,11077,73,15.00,2,0.01
2020,10254,74,8.00,21,0
2021,10263,74,8.00,36,0.25
2022,10370,74,8.00,20,0.15
2023,10381,74,8.00,14,0
2024,10382,74,8.00,50,0
2025,10418,74,8.00,15,0
2026,10439,74,8.00,30,0
2027,10486,74,8.00,16,0
2028,10753,74,10.00,5,0
2029,10781,74,10.00,35,0
2030,10806,74,10.00,15,0.25
2031,10846,74,10.00,20,0
2032,10998,74,10.00,20,0
2033,10280,75,6.20,30,0
2034,10293,75,6.20,6,0
2035,10294,75,6.20,6,0
2036,10312,75,6.20,10,0
2037,10326,75,6.20,50,0
2038,10347,75,6.20,6,0.15
2039,10363,75,6.20,12,0
2040,10436,75,6.20,24,0.1
2041,10460,75,6.20,4,0.25
2042,10474,75,6.20,10,0
2043,10490,75,6.20,36,0
2044,10510,75,7.75,36,0.1
2045,10514,75,7.75,50,0
2046,10552,75,7.75,30,0
2047,10557,75,7.75,20,0
2048,10572,75,7.75,15,0.1
2049,10577,75,7.75,20,0
2050,10579,75,7.75,21,0
2051,10581,75,7.75,50,0.2
2052,10596,75,7.75,30,0.2
2053,10613,75,7.75,40,0
2054,10631,75,7.75,8,0.1
2055,10634,75,7.75,2,0
2056,10670,75,7.75,25,0
2057,10682,75,7.75,30,0
2058,10722,75,7.75,42,0
2059,10736,75,7.75,20,0
2060,10761,75,7.75,18,0
2061,10773,75,7.75,7,0.2
2062,10785,75,7.75,10,0
2063,10786,75,7.75,42,0.2
2064,10788,75,7.75,40,0.05
2065,10819,75,7.75,20,0
2066,10894,75,7.75,120,0.05
2067,10907,75,7.75,14,0
2068,10924,75,7.75,6,0
2069,10929,75,7.75,49,0
2070,10932,75,7.75,20,0.1
2071,10951,75,7.75,50,0.05
2072,10955,75,7.75,12,0.2
2073,10959,75,7.75,20,0.15
2074,10973,75,7.75,10,0
2075,10975,75,7.75,10,0
2076,10980,75,7.75,40,0.2
2077,10998,75,7.75,30,0
2078,11077,75,7.75,4,0
2079,10267,76,14.40,15,0.15
2080,10273,76,14.40,33,0.05
2081,10318,76,14.40,6,0
2082,10319,76,14.40,30,0
2083,10343,76,14.40,15,0
2084,10363,76,14.40,12,0
2085,10399,76,14.40,35,0
2086,10413,76,14.40,14,0
2087,10425,76,14.40,20,0.25
2088,10434,76,14.40,18,0.15
2089,10475,76,14.40,42,0.15
2090,10530,76,18.00,50,0
2091,10566,76,18.00,10,0
2092,10569,76,18.00,30,0
2093,10575,76,18.00,10,0
2094,10582,76,18.00,14,0
2095,10593,76,18.00,4,0.2
2096,10604,76,18.00,10,0.1
2097,10612,76,18.00,80,0
2098,10630,76,18.00,35,0
2099,10665,76,18.00,10,0
2100,10701,76,18.00,35,0.15
2101,10702,76,18.00,15,0
2102,10732,76,18.00,20,0
2103,10734,76,18.00,20,0
2104,10749,76,18.00,10,0
2105,10808,76,18.00,50,0.15
2106,10837,76,18.00,21,0.25
2107,10860,76,18.00,20,0
2108,10879,76,18.00,10,0
2109,10927,76,18.00,20,0
2110,10928,76,18.00,5,0
2111,10961,76,18.00,60,0
2112,10962,76,18.00,44,0
2113,10986,76,18.00,10,0
2114,10991,76,18.00,90,0.2
2115,11004,76,18.00,6,0
2116,11050,76,18.00,50,0.1
2117,11075,76,18.00,2,0.15
2118,10256,77,10.40,12,0
2119,10257,77,10.40,15,0
2120,10290,77,10.40,10,0
2121,10366,77,10.40,5,0
2122,10367,77,10.40,7,0
2123,10399,77,10.40,14,0
2124,10417,77,10.40,35,0
2125,10421,77,10.40,10,0.15
2126,10451,77,10.40,55,0.1
2127,10483,77,10.40,30,0.05
2128,10491,77,10.40,7,0.15
2129,10495,77,10.40,5,0
2130,10497,77,10.40,25,0
2131,10554,77,13.00,10,0.05
2132,10577,77,13.00,18,0
2133,10587,77,13.00,20,0
2134,10590,77,13.00,60,0.05
2135,10602,77,13.00,5,0.25
2136,10646,77,13.00,35,0.25
2137,10658,77,13.00,70,0.05
2138,10690,77,13.00,30,0.25
2139,10735,77,13.00,2,0.1
2140,10780,77,13.00,15,0
2141,10812,77,13.00,20,0
2142,10823,77,13.00,15,0.1
2143,10835,77,13.00,2,0.2
2144,10841,77,13.00,15,0
2145,10885,77,13.00,25,0
2146,10886,77,13.00,40,0
2147,10929,77,13.00,15,0
2148,10946,77,13.00,40,0
2149,10986,77,13.00,15,0
2150,10999,77,13.00,21,0.05
2151,11000,77,13.00,30,0
2152,11015,77,13.00,18,0
2153,11060,77,13.00,10,0
2154,11068,77,13.00,28,0.15
2155,11077,77,13.00,2,0
